Subject,Start Date,Start Time,End Date,End Time,Description,All Day Event
[若魔雲ふわり] VRC,2025/12/22,21:00,2025/12/22,22:00,にゃんたじあ！スケジュール,False
[若魔雲ふわり] ASMR,2025/12/22,23:30,2025/12/23,00:30,にゃんたじあ！スケジュール,False
[若魔雲ふわり] コラボ,2025/12/23,20:00,2025/12/23,21:00,にゃんたじあ！スケジュール,False
[若魔雲ふわり] ASMR,2025/12/24,00:00,2025/12/24,01:00,にゃんたじあ！スケジュール(24:00表記),False
[若魔雲ふわり] にゃまラジ！クリスマススペシャル,2025/12/24,19:00,2025/12/24,20:00,にゃんたじあ！スケジュール,False
[若魔雲ふわり] ゲーム,2025/12/25,12:00,2025/12/25,13:00,にゃんたじあ！スケジュール,False
[若魔雲ふわり] 告知,2025/12/25,20:00,2025/12/25,21:00,にゃんたじあ！スケジュール,False
[若魔雲ふわり] 朝活,2025/12/26,07:00,2025/12/26,08:00,にゃんたじあ！スケジュール,False
[若魔雲ふわり] VRC,2025/12/26,21:00,2025/12/26,22:00,にゃんたじあ！スケジュール,False
[若魔雲ふわり] ASMR,2025/12/26,23:00,2025/12/27,00:00,にゃんたじあ！スケジュール,False
[若魔雲ふわり] VRC,2025/12/28,07:00,2025/12/28,08:00,にゃんたじあ！スケジュール,False
[若魔雲ふわり] 歌枠,2025/12/28,19:00,2025/12/28,20:00,にゃんたじあ！スケジュール,False